{
  "timestamp": "2026-04-21 17:45:21",
  "marker_centers": {
    "10": [
      77.73038482666016,
      383.7719421386719
    ],
    "13": [
      545.154296875,
      113.82510375976562
    ],
    "12": [
      57.97378921508789,
      116.41909790039062
    ],
    "11": [
      539.2672729492188,
      384.64892578125
    ]
  },
  "warp_matrix": [
    [
      -0.7161175642750373,
      -1.2399866410368092,
      531.5361753089336
    ],
    [
      0.00245704375996791,
      -1.2930872092695476,
      496.0596026990512
    ],
    [
      -6.358594612021262e-06,
      -0.003939982973632703,
      1.0
    ]
  ],
  "warp_size": 640,
  "notes": "Generated by aruco_calibration.py \u2014 delete to re-calibrate"
}